{"1": {"LA": {"7-11": {"max_dim": 3, "1": {"cov_matrix": 330.44282939828895, "mean": 877.0660351072722}, "2": {"cov_matrix": [[94387.80406264965, -26899.95815758743], [-26899.95815758743, 73094.30903244777]], "mean": [758.6848083293895, 844.5854235683862]}, "3": {"cov_matrix": [[99967.24766488724, -21129.905101951517, -37055.81981855838], [-21129.905101951517, 60267.696137802275, -30540.74154487909], [-37055.81981855838, -30540.74154487909, 90514.1838948689]], "mean": [545.5324232081912, 749.8412969283277, 711.6365187713311]}}, "11-15": {"max_dim": 3, "1": {"cov_matrix": 355.8807830525639, "mean": 911.2557103064067}, "2": {"cov_matrix": [[118924.00665768364, -34651.25408747067], [-34651.25408747067, 92952.98430307554]], "mean": [778.9008357804382, 910.1057149311046]}, "3": {"cov_matrix": [[98949.44063331277, -48641.81401544977, -11525.847872996956], [-48641.81401544977, 101434.75083313827, -35614.55452320656], [-11525.847872996956, -35614.55452320656, 82931.9009938073]], "mean": [547.1486880466472, 771.2215743440233, 807.3411078717202]}}, "15-19": {"max_dim": 3, "1": {"cov_matrix": 324.4197790834858, "mean": 920.5673746046091}, "2": {"cov_matrix": [[95631.23514948036, -34054.74432222022], [-34054.74432222022, 87019.75498327609]], "mean": [824.9272073691305, 915.0085374073242]}, "3": {"cov_matrix": [[87545.74152931603, -21274.21040604018, -39685.303914027325], [-21274.21040604018, 80141.72988282563, -34099.57074150691], [-39685.303914027325, -34099.57074150691, 136632.8073008073]], "mean": [575.2471042471043, 789.6467181467182, 816.2509652509652]}}, "19-23": {"max_dim": 3, "1": {"cov_matrix": 373.9861109391275, "mean": 1028.9181939555772}, "2": {"cov_matrix": [[109921.32963214329, -53863.283703934816], [-53863.283703934816, 110542.04044584757]], "mean": [774.0662525879917, 978.2096273291926]}, "3": {"cov_matrix": [[79308.87838584857, -23947.734936428966, -33041.271973466], [-23947.734936428966, 92611.66113875069, -39770.08374792703], [-33041.271973466, -39770.08374792703, 101049.11442786072]], "mean": [579.4814814814815, 761.4074074074074, 696.2222222222222]}}}, "SA": {"7-11": {"max_dim": 1, "1": {"cov_matrix": 401.7640587130699, "mean": 1315.312030075188}}, "11-15": {"max_dim": 1, "1": {"cov_matrix": 472.53694938039916, "mean": 1281.6938502673797}}, "15-19": {"max_dim": 1, "1": {"cov_matrix": 497.3420067621422, "mean": 1255.8732227488151}}, "19-23": {"max_dim": 2, "1": {"cov_matrix": 429.35979424049606, "mean": 1158.7005208333333}, "2": {"cov_matrix": [[208041.9902220123, -102280.94359943319], [-102280.94359943319, 108597.50495984883]], "mean": [706.2671232876712, 1179.3287671232877]}}}, "FE": {"7-11": {"max_dim": 1, "1": {"cov_matrix": 293.4267020526869, "mean": 1371.6919191919192}}, "11-15": {"max_dim": 1, "1": {"cov_matrix": 375.77173232185066, "mean": 1766.0230769230768}}, "15-19": {"max_dim": 1, "1": {"cov_matrix": 507.9141734612958, "mean": 1424.7936507936508}}, "19-23": {"max_dim": 1, "1": {"cov_matrix": 305.2715303480258, "mean": 1445.1584}}}}, "44": {"LA": {"7-11": {"max_dim": 2, "1": {"cov_matrix": 291.37619344884604, "mean": 728.5447323623983}, "2": {"cov_matrix": [[61861.04733692038, -37489.78455267], [-37489.78455267, 68802.98430163431]], "mean": [539.68345323741, 528.9904076738609]}}, "11-15": {"max_dim": 2, "1": {"cov_matrix": 221.33359814344732, "mean": 865.6415333841077}, "2": {"cov_matrix": [[67626.39690134425, -50960.88727500569], [-50960.88727500569, 76305.75552517657]], "mean": [564.6466165413534, 617.9548872180451]}}, "15-19": {"max_dim": 2, "1": {"cov_matrix": 260.9294041589236, "mean": 875.0053491827638}, "2": {"cov_matrix": [[71481.81294144451, -74687.99868990658], [-74687.99868990658, 119060.15686944632]], "mean": [804.7443609022556, 501.56390977443607]}}, "19-23": {"max_dim": 1, "1": {"cov_matrix": 198.39026132566516, "mean": 882.4335199440168}}}, "SA": {"7-11": {"max_dim": 0}, "11-15": {"max_dim": 0}, "15-19": {"max_dim": 1, "1": {"cov_matrix": 311.3196451054309, "mean": 960.5714285714286}}, "19-23": {"max_dim": 1, "1": {"cov_matrix": 201.23011470358344, "mean": 1117.5245901639344}}}, "FE": {"7-11": {"max_dim": 0}, "11-15": {"max_dim": 0}, "15-19": {"max_dim": 0}, "19-23": {"max_dim": 0}}}, "82": {"LA": {"7-11": {"max_dim": 3, "1": {"cov_matrix": 380.4720008295361, "mean": 889.8582102828678}, "2": {"cov_matrix": [[118879.2892710758, -71139.63992379922], [-71139.63992379922, 117871.6244263567]], "mean": [667.2010771992818, 650.8626570915619]}, "3": {"cov_matrix": [[27886.52160670092, -5098.428326670473, -7973.0719588806405], [-5098.428326670473, 74089.42014087187, -27098.942984960962], [-7973.0719588806405, -27098.942984960962, 109813.78659813438]], "mean": [584.5728155339806, 506.8252427184466, 534.3786407766991]}}, "11-15": {"max_dim": 2, "1": {"cov_matrix": 271.38861036555664, "mean": 965.2934848792369}, "2": {"cov_matrix": [[53611.73132964059, -26345.83899997516], [-26345.83899997516, 52571.941091432964]], "mean": [722.2787401574803, 690.2425196850394]}}, "15-19": {"max_dim": 2, "1": {"cov_matrix": 214.79342320650613, "mean": 978.123013537375}, "2": {"cov_matrix": [[55735.16961631365, -42535.92584076552], [-42535.92584076552, 57576.30153753255]], "mean": [705.6682692307693, 850.9471153846154]}}, "19-23": {"max_dim": 2, "1": {"cov_matrix": 276.1870216606253, "mean": 1039.6496507254164}, "2": {"cov_matrix": [[38772.63292589765, -22149.750403191585], [-22149.750403191585, 61972.777395806785]], "mean": [710.6038961038961, 717.0194805194806]}}}, "SA": {"7-11": {"max_dim": 1, "1": {"cov_matrix": 204.99661192050422, "mean": 1202.4537572254335}}, "11-15": {"max_dim": 1, "1": {"cov_matrix": 152.0774858472595, "mean": 1326.7182130584192}}, "15-19": {"max_dim": 1, "1": {"cov_matrix": 246.27440134349257, "mean": 1124.983455882353}}, "19-23": {"max_dim": 1, "1": {"cov_matrix": 293.716402344468, "mean": 1255.9228070175438}}}, "FE": {"7-11": {"max_dim": 1, "1": {"cov_matrix": 203.82494618443434, "mean": 1338.7552447552448}}, "11-15": {"max_dim": 0}, "15-19": {"max_dim": 1, "1": {"cov_matrix": 175.20351351065437, "mean": 1304.068376068376}}, "19-23": {"max_dim": 0}}}, "132": {"LA": {"7-11": {"max_dim": 6, "1": {"cov_matrix": 254.964884212554, "mean": 480.2009685230024}, "2": {"cov_matrix": [[46004.09741741705, -11282.354874754992], [-11282.354874754992, 42220.534073732066]], "mean": [465.3880070546737, 465.17979884646553]}, "3": {"cov_matrix": [[45643.10995287905, -14317.06481176043, 3335.80418631289], [-14317.06481176043, 38494.652786990126, -11163.759601996466], [3335.80418631289, -11163.759601996466, 35947.91083659033]], "mean": [449.5640472878999, 469.60632823365785, 446.94853963838665]}, "4": {"cov_matrix": [[45821.222512246466, -14460.962130440033, 3218.250146353885, -4603.917894143336], [-14460.962130440033, 39847.642973496746, -13636.468951318635, 2674.8916897682666], [3218.250146353885, -13636.468951318635, 30801.243972961794, -9077.015213132676], [-4603.917894143336, 2674.8916897682666, -9077.015213132676, 37903.849689615985]], "mean": [421.287525661152, 458.95314575534354, 458.06206979833354, 429.887090931047]}, "5": {"cov_matrix": [[42775.72317681253, -14507.539495507024, 2288.5102838439593, -5142.807708050023, -7974.786933045357], [-14507.539495507024, 40825.534297065766, -12299.646641030624, 2406.8919044571676, -4820.375965160884], [2288.5102838439593, -12299.646641030624, 30748.977366763043, -10421.139235623057, 644.8536494223314], [-5142.807708050023, 2406.8919044571676, -10421.139235623057, 28812.924461852566, -6140.175558526747], [-7974.786933045357, -4820.375965160884, 644.8536494223314, -6140.175558526747, 46723.57347107469]], "mean": [365.56371490280776, 428.2928108608454, 447.4585004628201, 449.6124652884912, 367.24776303609997]},